<?xml version="1.0" encoding="utf-8"?>
<package-configuration version="1.0" type="package-info">
  <config>
    <content-id>ED1633-NPXX51362_00-0000000000000000</content-id>
    <longname>ED1633-NPXX51362_00-0000000000000000-A0100-V0100</longname>
    <drm-type>PS4</drm-type>
    <content-type>PS4GD</content-type>
    <application-type>PaidStandaloneFullApp</application-type>
    <num-of-images>1</num-of-images>
    <package-size>68157440</package-size>
    <version-date>0x20141203</version-date>
    <version-hash>0x0c123493</version-hash>
  </config>
  <digests version="1.0" major-param-version="0">
    <content-digest>0xF46CFD286853B5F5BECE1C5C86A2FE4DD6D953ECE4640DCB8028FB61BB243034</content-digest>
    <game-digest>0xC7F5E4BA9BF4E87B22DA1EFAD25E94B817483EBEED74B2FA4B10A2B6F4B4526D</game-digest>
    <header-digest>0x272840EC51B40A5DACC390F7BEC0EB1D61FF48C1C1E6937DF54AA8AB75FFDA9D</header-digest>
    <system-digest>0x3A6CE7725E389370ECDCC304335C35699DB62AEE590CB41331087D3FDDEE4C4D</system-digest>
    <major-param-digest>0x408B092F68FDCC0312B1694930B62B8E920F92A66D38A1A690DFF54CEB206455</major-param-digest>
    <param-digest>0x95F26DFE516BFCE3D85C142B09CDAC8206F6FCA96FD208E78D9511B90542297E</param-digest>
    <package-digest>0xDE860F23DF52743AF2C1D4F015A6168852B8B9E18D61D4FA61FBEE35BB59A889</package-digest>
  </digests>
  <paramsfo version="0x0101" num="26" key="436" value="864" size="1772">
    <APP_TYPE type="int" size="4" area="4">0x00000001</APP_TYPE>
    <APP_VER type="str" size="6" area="8">01.00</APP_VER>
    <ATTRIBUTE type="int" size="4" area="4">0x00000002</ATTRIBUTE>
    <CATEGORY type="str" size="3" area="4">gd</CATEGORY>
    <CONTENT_ID type="str" size="37" area="48">ED1633-NPXX51362_00-0000000000000000</CONTENT_ID>
    <DOWNLOAD_DATA_SIZE type="int" size="4" area="4">0x00000000</DOWNLOAD_DATA_SIZE>
    <FORMAT type="str" size="4" area="4">obs</FORMAT>
    <PARENTAL_LEVEL type="int" size="4" area="4">0x00000001</PARENTAL_LEVEL>
    <PUBTOOLINFO type="str" size="119" area="512">c_date=20160215,sdk_ver=02508000,st_type=digital50,img0_l0_size=65,img0_l1_size=0,img0_sc_ksize=2560,img0_pc_ksize=576</PUBTOOLINFO>
    <PUBTOOLVER type="int" size="4" area="4">0x01930000</PUBTOOLVER>
    <REMOTE_PLAY_KEY_ASSIGN type="int" size="4" area="4">0x00000000</REMOTE_PLAY_KEY_ASSIGN>
    <SERVICE_ID_ADDCONT_ADD_1 type="str" size="1" area="20"></SERVICE_ID_ADDCONT_ADD_1>
    <SERVICE_ID_ADDCONT_ADD_2 type="str" size="1" area="20"></SERVICE_ID_ADDCONT_ADD_2>
    <SERVICE_ID_ADDCONT_ADD_3 type="str" size="1" area="20"></SERVICE_ID_ADDCONT_ADD_3>
    <SERVICE_ID_ADDCONT_ADD_4 type="str" size="1" area="20"></SERVICE_ID_ADDCONT_ADD_4>
    <SERVICE_ID_ADDCONT_ADD_5 type="str" size="1" area="20"></SERVICE_ID_ADDCONT_ADD_5>
    <SERVICE_ID_ADDCONT_ADD_6 type="str" size="1" area="20"></SERVICE_ID_ADDCONT_ADD_6>
    <SERVICE_ID_ADDCONT_ADD_7 type="str" size="1" area="20"></SERVICE_ID_ADDCONT_ADD_7>
    <SYSTEM_VER type="int" size="4" area="4">0x02508000</SYSTEM_VER>
    <TITLE type="str" size="26" area="128">Multiplayer Advanced Tech</TITLE>
    <TITLE_ID type="str" size="10" area="12">NPXX51362</TITLE_ID>
    <USER_DEFINED_PARAM_1 type="int" size="4" area="4">0x00000000</USER_DEFINED_PARAM_1>
    <USER_DEFINED_PARAM_2 type="int" size="4" area="4">0x00000000</USER_DEFINED_PARAM_2>
    <USER_DEFINED_PARAM_3 type="int" size="4" area="4">0x00000000</USER_DEFINED_PARAM_3>
    <USER_DEFINED_PARAM_4 type="int" size="4" area="4">0x00000000</USER_DEFINED_PARAM_4>
    <VERSION type="str" size="6" area="8">01.00</VERSION>
  </paramsfo>
</package-configuration>
